Workbook

Sheet Сводная ведомость
A1: Стоимость расходников
A2: Стоимость порошка | B2: 3000 | C2: руб/кг
A3: Инертный газ | B3: 25 | C3: руб/атм
A4: Фильтр | B4: 7000 | C4: руб/шт
A5: Обработка ростовой платформы | B5: 3000 | C5: руб/шт
A7: Расчёт затрат расходников
A8: Металлический порошок | B8: =('Время работы'!E9+0.5)*B2 -> 2318.1 | C8: руб
A9: Инертный газ | B9: =140*25*B16 -> 3500 | C9: руб
A10: Обработка ростовой платформы | B10: 3000
A11: Фильтр | B11: =B4*'Время работы'!E18/48*B16 -> 705.93084 | C11: руб
A12: Сумма | B12: =B8+B9+B11+B5 -> 9524.0308 | C12: руб
A13: Итоговая сводная ведомость
A14: Масса необходимого порошка для печати | B14: ='Время работы'!E7 -> 18.31775 | C14: кг
A15: Масса деталей | B15: ='Время работы'!E9 -> 0.2727 | C15: кг
A16: Количество печатей | B16: 1
A17: Время исполнения проекта | B17: ='Время работы'!I17 -> 40.840669 | C17: час
A18: Сроки с учётом рабочей смены | B18: ='Время работы'!I18*B16 -> 5.1050836 | C18: дней

Sheet Время работы
A1: Подготовка печати | D1: Расчёт времени печати проекта | H1: Расчёт времени последующей обработки
D2: Плотность сплавленного порошка | E2: 2.7 | F2: г/см3 | H2: Распаковка | I2: 2 | J2: час
A3: Подготовка компоновки | B3: 4 | C3: час | D3: Насыпная плотность порошка | E3: 1.4 | F3: г/см3 | H3: Термообработка | I3: 3 | J3: час | M3: Количество лазеров, задействованных в работе: | N3: 2
A4: Подготовка машины | B4: 2 | C4: час | D4: Площадь стола 350х350 | E4: 1225 | F4: см2 | H4: Электроэрозионная обработка | I4: 8 | J4: час
A5: Количество задействованных лиц | B5: 2 | C5: чел. | D5: Высота компоновки | E5: 4.85 | F5: см | H5: Механическая обработка (грубая) | I5: 8 | J5: час
A6: Итоговое время | B6: =B3+B4 -> 6 | C6: час | D6: Объём камеры | E6: =E5*E4 -> 5941.25 | F6: см3 | H6: Механическая обработка (тонкая) | I6: 6 | J6: час
D7: Масса необходимого порошка для печати | E7: =E3*E6*0.001+10 -> 18.31775 | F7: кг | H7: Абразивная обработка (финишная) | I7: 3 | J7: час
D8: Весь объём деталей | E8: 101 | F8: см3 | H8: Итоговое время | I8: =SUM(I2:I7) -> 30 | J8: час
D9: Масса деталей | E9: =E2*E8*0.001 -> 0.2727 | F9: кг
D10: Средняя площадь | E10: 2075 | F10: мм^2
D11: Количество треков | E11: =((E10)^(1/2))/0.12 -> 379.6014
D12: Скорость штриховки | E12: 1540 | F12: мм/с
D13: Периметр слоя | E13: =4*E10^(1/2) -> 182.20867 | F13: мм
D14: Количество слоёв | E14: =E5/0.006 -> 808.33333
D15: Время печати слоя | E15: =(E11*E13/E12)*1.2*0.8 -> 43.116883 | F15: сек
D16: Скорость контуров | E16: 430 | F16: мм/с
D17: Количесвто задействованных лиц в обслуживании при работе | E17: 1 | F17: чел. | H17: Итоговое время технологического цикла | I17: =B6+E18+I8 -> 40.840669 | J17: час
D18: Время печати проекта | E18: =(( E15)*E14/3600/N3) -> 4.8406686 | F18: час(ов) | H18: Время выполнения с учётом посменной работы (8 часов) | I18: =I17/8 -> 5.1050836 | J18: дней

Sheet Расчёт среднего сечения
A1: Total slice surface (mm²) | B1: Расчёт среднего сечения | C1: Периметр слоя | D1: Количество треков
A2: 4810.0685 | B2: =AVERAGE(A:A) -> 4908.5967 | C2: =B2^(1/2)*4 -> 280.24551 | D2: =B2^(1/2)/2 -> 35.030689
A3: 4810.0685
A4: 4810.0685
A5: 4810.0685
A6: 4810.0685
A7: 4810.0685
A8: 4810.0685
A9: 4810.0685
A10: 4810.0685
A11: 4810.0685
A12: 4810.0685
A13: 4810.0685
A14: 4810.0685
... A4935: 0
